customer_age,account_holder_gender,usage_index,bandwidth_mbps,device_count,premium_support,market_region,annual_spend_usd,customer_segment,engagement_score
42,man,28.45,63.22,1,yes,coastal_south,12121.02,C,86
48,woman,30.35,69.13,0,no,inland_south,11526.0,C,74
47,man,30.29,66.36,0,no,inland_north,10525.64,B,78
48,man,35.43,68.84,2,yes,coastal_south,49025.44,C,81
54,woman,40.14,65.9,5,no,inland_south,16283.89,B,88
60,man,32.91,63.56,1,no,inland_south,14969.12,D,80
31,man,42.71,67.05,0,yes,coastal_north,70000.0,B,83
61,man,36.13,61.72,0,no,inland_north,8456.61,B,65
47,woman,29.23,68.7,4,no,coastal_south,6178.83,C,76
45,woman,35.72,62.98,2,no,inland_north,5732.31,E,63
33,woman,41.07,70.16,2,no,coastal_north,28252.73,D,71
37,man,42.85,65.3,2,no,inland_north,33323.81,E,94
48,man,37.9,70.72,0,no,coastal_south,6300.93,D,100
35,man,30.82,62.27,1,yes,coastal_south,15262.16,D,83
31,woman,29.34,63.99,2,no,inland_south,5566.96,C,80
56,woman,34.17,68.08,3,no,coastal_south,26418.24,E,82
37,man,40.87,71.14,0,yes,inland_south,11512.65,C,80
48,woman,33.31,73.06,1,no,inland_south,3337.03,C,69
19,man,33.43,66.77,0,no,inland_south,17963.47,D,79
21,man,30.97,73.72,4,no,coastal_north,7523.5,C,100
57,man,28.66,65.49,0,no,inland_south,9306.01,B,77
24,woman,29.67,70.86,2,no,coastal_north,5057.59,C,79
55,man,31.49,62.96,0,no,coastal_south,10812.23,C,86
60,man,41.14,68.24,1,no,inland_south,5956.76,D,83
40,man,29.2,57.55,1,no,inland_north,4627.95,C,81
59,woman,30.98,62.27,0,no,inland_north,10189.12,D,87
38,woman,25.38,68.42,2,no,coastal_south,2079.23,C,95
62,woman,35.03,61.53,3,no,inland_south,12075.92,D,100
29,woman,39.0,68.26,2,no,inland_north,6441.07,B,80
38,man,40.57,70.12,0,no,coastal_south,7765.83,E,80
36,man,31.9,64.67,2,no,inland_south,5454.08,C,100
54,man,34.16,62.86,1,no,coastal_north,6282.03,B,79
20,woman,29.72,64.77,1,no,coastal_north,2038.08,B,73
56,woman,33.88,62.87,1,yes,inland_north,30968.68,B,82
19,woman,32.58,66.22,1,no,inland_south,4382.47,C,96
32,woman,31.02,67.01,0,yes,coastal_south,10182.53,D,84
46,woman,31.5,65.43,0,yes,coastal_south,28181.92,E,80
24,woman,33.42,73.09,0,no,coastal_north,5642.86,D,70
41,woman,28.87,63.83,0,no,inland_south,5807.97,C,86
64,man,29.18,71.99,0,yes,coastal_north,10099.2,C,94
56,woman,41.07,62.58,0,no,coastal_south,20008.94,D,68
19,man,47.19,66.89,2,no,inland_south,4773.88,D,74
45,man,23.31,71.19,1,no,coastal_north,6597.42,C,86
46,woman,22.98,70.99,0,no,inland_north,5278.0,E,83
21,man,24.82,64.98,2,no,coastal_south,4159.36,C,92
48,man,30.03,68.76,3,yes,inland_south,61035.88,D,86
42,woman,36.12,68.24,3,yes,coastal_south,45954.92,E,82
50,woman,34.27,64.52,2,no,coastal_south,23652.05,D,74
31,man,31.71,68.99,5,no,coastal_north,11400.9,B,69
30,woman,33.89,73.82,1,no,inland_north,7432.67,C,87
52,woman,26.44,68.44,4,yes,inland_south,9825.0,B,78
51,woman,29.17,68.8,4,no,coastal_north,7452.12,D,100
25,man,30.54,69.21,0,yes,coastal_south,13921.09,C,100
28,man,21.0,60.96,3,yes,inland_south,26345.74,D,100
45,man,23.58,68.39,2,no,coastal_north,6054.81,E,80
56,man,23.82,62.68,2,no,coastal_south,12951.48,B,95
27,woman,35.32,64.33,3,yes,inland_north,28305.37,C,87
28,man,32.16,74.98,0,no,coastal_south,10534.71,D,93
55,woman,34.39,65.63,0,no,coastal_south,10350.86,C,80
50,woman,19.44,63.75,1,yes,coastal_south,31240.0,B,100
60,man,21.61,71.07,2,no,coastal_north,2879.17,A,91
54,woman,34.71,62.94,3,no,inland_north,4916.59,C,85
62,man,16.0,64.88,3,no,inland_north,2126.5,D,79
26,man,38.13,71.44,2,no,inland_north,9657.66,C,88
30,man,19.54,66.78,4,yes,coastal_north,19460.47,B,85
29,man,35.8,60.57,0,no,inland_south,10611.17,C,88
20,man,25.24,68.72,4,no,coastal_north,3584.13,C,91
54,woman,37.06,65.08,0,no,inland_south,6721.84,B,84
49,woman,50.23,72.57,1,yes,coastal_south,38032.47,D,70
22,woman,16.79,64.26,0,no,inland_south,6320.12,C,100
27,woman,34.9,70.68,1,yes,coastal_north,54229.99,C,77
26,woman,19.63,73.48,0,no,coastal_north,6565.09,E,78
36,man,33.26,63.32,0,yes,coastal_south,30452.66,C,85
39,woman,29.4,65.86,1,yes,coastal_north,43948.22,D,74
31,woman,31.45,68.11,2,yes,coastal_north,16621.56,A,67
61,woman,25.1,63.29,0,yes,inland_north,17693.78,B,74
28,woman,35.42,67.66,2,no,inland_south,6730.79,B,86
44,man,21.83,65.74,0,yes,coastal_north,9691.78,D,85
38,man,38.23,65.66,0,no,inland_south,9192.67,D,61
36,man,28.16,66.8,0,no,inland_south,2604.5,B,84
56,man,22.1,66.89,1,yes,inland_south,41784.55,B,97
63,woman,40.39,67.24,2,yes,inland_north,56228.4,C,71
18,man,30.25,64.29,1,no,inland_north,10454.29,C,85
39,woman,42.3,64.46,2,no,inland_north,5036.56,D,90
23,woman,38.11,66.15,1,no,inland_north,20494.72,D,90
38,woman,25.79,66.44,2,no,inland_south,2870.31,E,99
47,man,30.14,64.91,4,no,coastal_north,5705.58,C,59
37,woman,31.4,67.86,0,no,coastal_south,6465.83,D,100
32,woman,39.97,59.59,0,no,coastal_north,14861.69,C,87
32,man,33.33,63.78,0,no,inland_south,8749.98,C,100
32,woman,31.74,65.53,1,no,coastal_south,7271.02,E,78
33,man,29.44,63.3,1,no,inland_north,3794.86,B,69
35,woman,30.35,72.91,0,yes,inland_south,8127.21,D,81
50,woman,38.62,66.68,3,no,inland_south,23035.61,D,79
22,woman,30.68,67.29,4,no,coastal_north,8959.28,E,93
19,man,28.25,64.74,0,no,inland_south,8172.31,C,98
42,woman,27.22,66.55,0,no,inland_south,7832.33,C,87
50,woman,27.28,61.91,0,yes,coastal_north,4970.12,D,80
30,woman,22.11,65.95,0,no,inland_north,2488.32,D,96
27,man,26.08,62.98,2,no,coastal_south,7302.87,C,86
47,man,39.8,65.54,1,yes,inland_north,24538.4,D,73
36,man,29.4,56.7,0,yes,inland_north,12529.48,B,92
52,woman,34.96,62.24,1,no,coastal_south,6195.53,C,96
24,man,16.0,72.28,0,no,coastal_north,5895.03,E,100
23,man,34.13,69.82,0,no,coastal_north,6730.59,C,82
43,man,29.68,71.71,0,no,coastal_north,10026.1,C,65
36,woman,27.72,71.98,1,no,inland_north,5011.88,E,86
52,woman,31.76,69.21,1,no,coastal_south,10353.34,D,78
41,woman,27.64,64.86,3,yes,coastal_north,12502.91,E,81
34,man,17.7,62.6,0,no,inland_north,3918.48,C,86
25,woman,36.29,71.05,2,no,inland_north,1996.24,E,83
25,woman,32.14,66.86,0,no,inland_north,2137.93,B,75
53,woman,28.74,76.26,0,yes,inland_south,20863.59,C,69
28,man,24.77,65.2,3,no,coastal_south,20024.95,C,100
41,woman,21.69,74.25,2,yes,inland_south,6148.11,D,76
56,man,32.03,66.0,0,yes,coastal_north,15620.58,E,80
60,man,40.5,71.78,1,no,inland_north,17548.41,D,90
30,man,31.9,73.18,2,no,inland_south,18954.1,D,94
23,woman,22.23,62.65,3,no,inland_south,4856.16,C,99
54,man,32.03,64.73,1,no,inland_north,16442.72,C,88
50,man,30.33,62.61,0,yes,inland_north,19051.07,C,88
33,man,35.93,61.85,1,no,coastal_south,6757.78,A,97
45,woman,34.36,69.19,0,no,inland_north,8327.71,C,88
26,woman,16.0,65.85,0,no,inland_south,2014.76,D,76
50,woman,33.99,66.81,1,no,inland_south,14631.37,D,79
52,woman,24.54,68.76,2,no,coastal_south,3660.41,D,96
32,woman,21.99,59.42,0,no,coastal_north,7155.61,C,84
40,woman,29.51,71.59,2,no,inland_north,9921.91,C,100
33,woman,33.17,65.26,2,no,coastal_north,6475.05,A,84
19,man,20.65,68.67,2,no,coastal_south,1651.73,C,92
23,woman,34.96,69.01,0,no,coastal_south,3293.54,C,95
63,man,35.32,71.91,0,no,inland_north,19621.55,B,82
39,man,30.95,66.2,0,yes,coastal_north,18647.5,A,83
24,woman,25.37,58.39,0,no,coastal_north,4566.98,D,98
20,man,24.69,66.83,0,no,coastal_north,2157.09,C,75
34,woman,36.92,67.39,0,no,inland_south,6969.77,C,80
64,man,21.44,62.61,0,no,inland_north,3820.15,B,99
36,woman,37.15,67.18,0,no,coastal_north,8197.01,C,83
64,man,29.65,65.21,3,no,coastal_north,15699.93,C,100
41,woman,30.08,61.41,2,yes,inland_north,27644.22,C,66
53,woman,20.24,69.21,0,no,coastal_south,4521.71,C,75
54,woman,29.77,64.43,4,no,inland_north,6822.19,A,94
19,man,34.4,65.04,0,no,coastal_south,8477.0,E,93
18,man,22.51,64.82,0,no,inland_south,2559.44,A,89
61,woman,33.7,71.39,2,no,coastal_south,11953.12,C,88
61,woman,31.2,66.45,1,no,inland_north,26391.3,B,93
24,woman,26.73,66.92,0,no,coastal_north,2783.39,C,80
48,man,35.87,64.9,0,no,inland_south,15726.07,B,76
61,woman,17.23,68.4,1,yes,inland_south,9798.37,E,90
62,woman,32.77,71.83,1,no,inland_north,13741.65,C,94
31,man,40.54,69.12,0,yes,coastal_south,34332.25,D,64
56,man,39.44,69.27,1,no,coastal_north,9316.04,B,79
48,woman,33.04,68.96,0,no,inland_south,3583.6,A,82
61,man,28.82,61.27,1,yes,inland_north,9221.0,C,86
24,woman,26.78,63.22,0,no,coastal_north,2714.26,C,88
46,man,28.81,65.82,3,no,coastal_south,12329.51,C,82
19,woman,33.98,63.8,2,no,coastal_south,4038.3,E,97
34,man,25.74,62.49,0,no,inland_south,6315.69,D,83
18,man,35.28,59.36,2,yes,inland_north,7852.65,E,76
38,man,43.67,61.4,0,no,inland_north,8278.42,C,63
56,woman,30.28,65.62,0,no,inland_north,4542.64,D,79
48,man,22.46,66.34,1,no,coastal_south,7914.85,C,96
32,woman,22.46,63.54,1,no,coastal_south,5141.57,D,94
38,woman,35.4,66.92,2,yes,coastal_north,15682.86,E,84
35,man,30.3,64.93,4,no,inland_south,7345.68,D,92
52,woman,36.01,70.83,0,no,coastal_south,6573.83,E,100
30,man,27.4,65.98,0,yes,coastal_south,7308.66,D,75
22,man,35.73,69.3,1,no,coastal_south,10284.8,B,67
41,woman,29.69,67.4,0,no,coastal_north,6122.23,D,76
57,man,26.19,61.18,0,no,inland_north,2913.85,C,81
40,woman,28.21,66.26,4,no,coastal_north,6761.37,E,78
27,man,23.36,61.83,2,no,coastal_north,8136.95,D,91
20,woman,42.8,66.19,4,no,inland_south,4450.07,B,92
62,man,30.07,63.73,0,no,coastal_south,25413.02,B,100
53,woman,34.59,68.09,0,no,coastal_south,6371.89,A,89
25,woman,27.39,61.42,1,no,coastal_south,6769.43,C,100
21,woman,24.24,66.67,3,yes,inland_south,17085.45,A,81
24,man,29.23,68.83,0,no,coastal_south,6204.95,D,70
35,man,37.38,70.12,0,no,inland_south,4120.26,C,93
56,man,27.48,63.65,0,yes,inland_south,15658.72,D,64
25,man,25.35,66.68,2,no,inland_north,9253.6,B,81
56,man,31.61,67.32,2,no,coastal_south,8646.7,C,91
18,man,33.7,72.6,2,no,inland_north,10472.17,B,83
52,woman,40.68,60.88,0,no,coastal_south,10327.8,E,79
31,man,32.82,63.08,2,yes,coastal_south,23305.08,B,68
63,man,34.59,77.46,1,no,inland_north,4972.92,B,84
40,woman,35.05,65.55,0,no,coastal_south,5720.24,B,94
30,woman,23.63,59.29,0,no,coastal_north,2680.15,D,90
29,man,24.78,64.36,1,no,coastal_south,5082.73,B,81
56,woman,24.05,55.89,0,no,coastal_north,7019.54,D,77
36,man,22.53,67.54,4,no,coastal_south,10418.25,D,82
34,woman,35.51,69.74,1,no,inland_north,5132.96,D,87
52,woman,32.43,63.08,0,no,inland_south,6111.19,B,88
43,man,31.14,64.79,2,no,coastal_north,8238.41,A,78
49,woman,16.0,70.18,1,no,inland_north,3401.96,C,72
38,woman,43.2,59.84,0,no,coastal_south,16649.84,B,83
21,man,25.2,61.5,1,no,coastal_north,3674.01,D,80
18,man,43.18,65.73,0,no,coastal_south,5877.95,C,86
19,woman,21.82,63.7,0,no,coastal_north,5104.77,C,83
44,woman,25.7,65.47,2,no,coastal_north,6526.43,B,79
42,man,17.22,61.72,1,yes,coastal_south,5879.58,C,90
53,man,32.87,67.44,0,no,coastal_south,4853.7,B,100
60,man,23.94,66.03,0,yes,inland_north,41309.14,D,92
26,woman,24.11,68.74,1,no,coastal_north,4597.95,A,91
62,woman,22.29,67.39,0,no,coastal_north,3344.97,E,94
61,woman,35.4,67.41,3,no,coastal_north,14383.23,D,66
46,woman,35.0,61.01,1,no,inland_north,6226.57,B,72
42,man,41.71,68.52,3,no,coastal_south,7379.35,A,55
26,woman,26.48,65.33,0,no,inland_north,2420.03,C,100
26,man,31.99,65.97,2,no,coastal_north,10620.93,B,100
18,man,22.8,70.67,0,no,coastal_north,1043.66,B,94
48,man,28.62,63.83,0,no,inland_south,4935.27,E,88
38,woman,27.5,71.84,0,no,coastal_north,8258.01,D,72
27,man,33.49,72.2,0,no,coastal_north,12492.0,B,82
24,man,36.86,69.52,3,no,coastal_north,10867.44,C,100
20,man,36.71,62.81,2,no,inland_south,3644.55,B,84
48,woman,25.52,58.15,1,no,inland_north,19428.46,E,83
50,woman,36.75,70.79,1,no,inland_north,4074.5,A,65
47,man,30.39,67.04,1,yes,inland_south,28042.09,D,95
23,woman,28.68,63.73,1,no,coastal_north,7120.03,D,86
19,woman,26.34,71.15,2,no,inland_south,2288.19,A,71
22,woman,27.24,63.28,1,yes,coastal_north,20652.85,B,74
53,man,41.29,64.97,2,yes,inland_north,29043.19,C,62
52,man,32.54,68.64,0,no,coastal_south,19257.14,E,84
31,woman,31.73,62.3,4,yes,coastal_south,9073.1,C,82
20,man,29.06,66.19,0,yes,inland_south,12636.37,D,77
33,woman,45.58,70.82,0,no,coastal_north,8520.03,D,86
56,man,38.62,67.43,3,no,inland_south,25401.07,D,82
24,man,26.26,71.44,0,no,coastal_south,5568.72,C,99
55,woman,28.99,71.0,0,no,inland_north,19206.41,C,83
39,woman,29.35,66.64,0,no,inland_south,8621.86,D,100
24,woman,31.55,57.57,0,no,coastal_north,5230.37,B,80
61,man,26.38,62.33,3,no,inland_south,15377.21,D,79
42,man,33.34,69.56,2,no,inland_north,12344.9,A,74
49,man,39.52,60.61,1,no,inland_north,14511.47,B,79
22,man,22.65,65.35,4,yes,coastal_north,4764.7,D,68
35,woman,23.78,67.92,1,no,inland_north,3490.09,C,93
47,man,27.71,72.3,3,no,inland_north,18228.76,B,69
48,woman,28.0,64.38,0,no,coastal_south,4842.23,B,89
20,woman,42.85,64.12,1,yes,coastal_north,30911.38,C,61
46,man,36.77,66.41,0,yes,coastal_south,36878.4,D,74
62,man,36.42,67.97,0,yes,inland_south,16761.05,A,84
54,woman,29.05,66.01,2,yes,coastal_north,9962.03,A,100
27,man,28.91,70.67,0,no,inland_north,3712.2,C,76
60,man,21.8,63.52,1,no,inland_south,26864.51,E,89
50,man,35.43,67.08,2,no,coastal_north,6368.97,B,76
20,man,33.66,68.33,0,no,coastal_north,3552.38,E,76
24,woman,38.5,65.06,1,yes,inland_north,11297.79,E,70
61,woman,29.37,69.86,2,no,coastal_north,22592.19,C,95
27,woman,29.8,67.19,3,no,inland_north,5776.91,D,82
22,man,31.7,69.66,0,no,inland_north,3804.47,D,100
39,man,36.1,67.36,4,no,inland_north,22763.31,C,87
42,woman,21.69,68.07,2,no,coastal_south,8791.92,C,81
44,woman,35.15,64.16,1,no,inland_north,4871.83,D,80
48,woman,30.53,64.17,0,yes,inland_north,10432.77,D,73
64,man,24.2,71.35,2,no,coastal_north,25249.62,D,98
53,man,17.94,69.07,2,yes,inland_north,23723.78,E,72
19,woman,29.83,62.65,0,no,inland_south,2053.12,C,73
22,woman,39.49,67.31,5,no,inland_north,2943.85,D,75
18,man,40.88,57.42,3,no,coastal_south,4357.97,E,87
36,woman,32.83,64.39,1,yes,coastal_south,10409.66,B,92
34,man,42.63,70.33,2,no,coastal_north,2534.12,A,93
61,woman,30.4,66.13,1,yes,coastal_south,16401.74,C,86
35,woman,36.48,67.07,2,no,coastal_north,6362.7,D,82
19,man,27.91,55.0,2,no,inland_south,3842.96,C,95
59,woman,27.52,65.09,0,yes,coastal_north,62397.08,D,71
30,woman,26.53,67.92,0,no,inland_south,3787.18,A,70
60,woman,18.09,68.41,0,no,coastal_north,6311.7,C,97
54,woman,38.51,70.33,3,yes,coastal_south,52843.33,D,67
59,woman,26.75,65.8,0,no,coastal_south,7710.11,B,87
56,woman,25.77,65.97,3,no,coastal_south,14693.0,E,90
24,woman,23.46,61.45,1,no,inland_south,4980.63,B,92
47,woman,29.41,65.82,0,no,inland_south,9210.12,E,96
37,man,41.42,61.73,3,no,inland_south,42785.13,B,88
47,man,43.43,59.46,1,no,coastal_north,20929.59,E,81
53,woman,20.53,62.41,0,no,inland_south,3127.05,D,87
41,woman,28.5,72.45,0,yes,coastal_north,20419.68,B,83
32,man,24.35,65.56,0,no,inland_south,2812.36,A,84
61,man,36.69,67.46,0,no,inland_north,13927.23,A,81
49,man,32.41,64.62,0,no,coastal_south,3715.81,C,100
59,woman,26.78,59.68,1,yes,coastal_north,15905.46,D,85
29,woman,31.1,70.23,0,no,coastal_north,7799.22,C,90
57,woman,27.75,58.2,0,no,coastal_south,12750.28,C,81
33,woman,40.51,64.46,0,no,inland_south,9911.45,C,91
39,man,34.0,66.4,0,yes,inland_south,40110.29,C,87
58,woman,34.75,67.5,5,no,inland_south,18655.72,D,91
34,woman,16.0,63.8,0,no,coastal_north,3457.36,C,96
29,woman,30.25,59.5,0,no,inland_north,4717.6,D,97
61,man,43.37,63.51,1,no,coastal_south,24351.96,E,92
63,woman,38.75,63.71,3,no,inland_north,27387.76,C,84
32,man,19.39,63.62,2,no,coastal_south,4095.59,A,91
32,woman,28.75,70.36,2,no,coastal_south,6330.8,B,96
28,man,23.33,61.91,3,no,inland_north,12013.27,C,81
19,woman,41.1,67.77,1,yes,coastal_north,18302.26,C,68
43,man,32.15,67.22,5,no,coastal_south,12320.21,E,85
29,man,25.98,70.33,0,no,inland_north,6548.2,D,71
57,man,30.87,66.09,2,yes,coastal_north,26544.54,C,89
26,man,16.0,69.67,2,no,inland_south,2452.14,D,84
47,man,24.04,65.94,3,no,coastal_south,10167.33,B,85
41,man,30.88,68.29,1,yes,inland_south,18926.14,D,79
46,man,35.82,60.79,2,no,inland_north,27463.74,A,84
23,woman,18.82,56.4,0,no,inland_north,5195.78,D,89
39,man,28.33,68.07,1,no,inland_north,5628.87,E,87
47,man,36.82,68.28,0,no,inland_south,15371.71,D,82
34,man,21.81,68.45,1,no,inland_north,6453.17,D,86
59,woman,32.06,64.58,2,no,coastal_south,27425.99,C,77
42,woman,31.06,72.38,0,no,coastal_north,5869.91,D,97
35,man,41.12,64.83,0,no,inland_north,10074.56,C,59
19,woman,29.26,68.24,0,no,coastal_north,4461.96,D,85
25,woman,29.61,68.91,1,yes,coastal_north,15864.1,A,77
40,woman,35.88,73.26,2,yes,coastal_north,17246.34,B,82
36,woman,22.57,65.38,2,yes,inland_north,25604.35,C,71
58,woman,29.31,64.08,0,no,coastal_north,11306.19,A,82
54,woman,27.88,60.81,2,no,inland_north,18635.64,D,87
25,woman,29.81,72.62,2,no,inland_south,5524.07,D,97
45,woman,35.84,68.24,0,no,inland_south,7653.48,E,86
39,woman,34.04,68.36,0,yes,coastal_south,32587.33,B,67
22,man,26.09,78.67,1,no,inland_north,2876.57,E,84
49,woman,31.49,67.87,0,no,inland_north,10658.98,A,94
43,man,39.75,61.57,0,yes,coastal_south,44364.45,C,64
22,man,25.59,65.85,0,no,inland_north,10264.33,D,88
40,woman,31.55,62.84,0,no,coastal_north,7780.95,A,85
52,woman,29.48,65.08,0,no,inland_south,6642.4,A,83
33,man,30.28,65.05,0,no,coastal_north,6325.42,A,100
34,man,20.71,64.34,2,no,inland_south,6232.47,C,87
23,man,39.27,61.22,1,no,inland_north,4253.3,D,86
27,man,25.94,72.77,0,yes,coastal_south,29574.21,B,76
64,man,36.92,67.77,1,yes,inland_north,57570.33,B,83
47,man,26.87,65.74,1,yes,coastal_north,16187.05,C,92
26,woman,26.84,69.54,0,no,inland_south,13040.61,B,82
40,man,38.06,68.43,0,no,inland_north,8266.32,D,81
27,woman,36.72,67.68,0,yes,coastal_north,10639.65,E,69
38,man,31.93,69.26,1,no,coastal_north,4773.21,D,74
24,man,35.3,67.13,1,no,inland_north,17335.72,E,94
47,woman,28.9,69.2,0,no,coastal_south,25612.02,C,81
44,man,30.61,69.52,1,no,inland_south,14750.31,D,62
47,woman,26.62,67.24,4,no,inland_south,17138.19,B,100
38,man,36.17,65.76,0,yes,inland_north,45769.32,A,70
31,woman,26.43,72.53,1,no,coastal_south,7709.15,D,86
29,man,39.72,64.76,1,no,inland_north,8180.62,A,97
28,woman,28.73,68.12,2,yes,inland_south,26858.96,E,81
38,man,30.79,68.21,2,no,coastal_north,11648.73,D,84
39,man,35.29,64.25,2,no,coastal_south,6664.59,E,71
49,man,30.81,63.48,0,yes,coastal_north,34408.04,C,65
20,man,28.84,65.24,1,no,coastal_south,12626.5,C,85
31,man,30.48,64.71,2,no,inland_north,7437.65,D,90
58,man,36.11,60.97,0,no,coastal_south,9479.05,B,86
61,woman,26.62,64.09,5,no,inland_north,14500.49,C,83
61,man,29.89,67.64,0,no,coastal_south,6997.92,D,87
32,woman,30.72,71.51,1,no,coastal_north,3667.32,E,68
24,man,35.93,68.76,1,no,coastal_south,12407.53,D,88
27,woman,30.05,56.55,1,no,inland_south,4196.83,B,88
24,man,41.69,69.09,2,no,inland_north,7860.25,C,100
62,man,29.71,64.45,0,yes,coastal_south,20313.13,C,82
59,woman,29.21,68.36,1,no,inland_south,18206.27,B,77
56,man,29.62,66.56,1,no,coastal_north,15347.87,C,86
52,man,22.63,65.86,2,no,coastal_south,6862.35,C,87
34,man,24.34,66.21,1,no,coastal_north,2799.32,B,94
40,woman,27.42,66.52,4,no,inland_south,7154.79,C,88
57,man,37.59,71.81,3,yes,inland_north,41564.28,B,65
56,man,30.46,66.53,0,yes,inland_north,33170.57,C,65
42,woman,27.7,70.81,2,no,coastal_north,8295.32,B,90
57,woman,38.14,70.25,4,yes,coastal_north,53642.18,D,91
34,woman,40.12,69.19,0,yes,inland_north,36162.09,B,77
37,man,38.32,59.7,1,no,coastal_south,9452.77,E,90
57,woman,25.46,70.93,0,no,inland_south,8043.65,A,99
35,man,27.64,64.84,1,no,inland_south,3216.35,C,90
53,man,41.72,69.38,0,yes,coastal_south,70000.0,C,67
39,woman,32.13,62.85,2,no,inland_north,7228.99,B,87
32,man,29.03,62.02,0,no,inland_south,5964.44,C,99
28,man,35.04,74.26,1,yes,coastal_south,31531.78,D,84
46,woman,36.8,62.91,0,no,inland_north,6173.71,E,90
40,woman,27.17,71.05,2,no,inland_south,6866.14,C,83
35,woman,32.0,67.07,1,no,coastal_south,8260.31,B,83
52,woman,36.31,64.98,1,yes,inland_south,18799.33,D,77
18,woman,23.58,66.44,0,yes,coastal_north,12172.35,C,84
22,man,30.74,61.57,0,no,inland_north,1745.53,B,98
63,woman,23.86,66.56,1,no,inland_south,16169.67,D,66
49,woman,24.66,62.42,4,no,inland_north,11984.64,C,90
43,man,27.23,65.08,0,no,coastal_south,11862.6,D,87
18,man,33.57,70.19,2,no,inland_north,1906.14,C,71
46,man,28.7,67.59,0,yes,coastal_north,13719.53,C,89
38,man,26.7,60.87,2,no,coastal_north,11463.09,B,81
46,woman,30.97,69.91,0,no,coastal_south,70000.0,D,82
19,woman,23.66,66.58,1,no,inland_north,7909.84,B,100
43,man,33.28,64.51,0,no,coastal_south,16833.9,D,95
45,man,37.56,69.5,0,no,coastal_south,11964.77,D,88
31,man,30.18,65.96,0,no,inland_south,3539.12,D,90
20,woman,29.42,62.1,0,no,coastal_south,7311.63,A,85
63,man,32.94,73.76,1,yes,coastal_south,16345.23,B,100
51,man,18.29,66.54,4,no,coastal_south,3101.13,C,100
47,woman,33.93,66.3,1,no,coastal_north,4706.26,C,77
54,man,49.58,65.04,3,yes,inland_north,70000.0,E,57
49,man,29.91,71.18,1,no,coastal_south,9413.07,C,92
24,woman,29.93,64.58,0,no,coastal_north,6638.63,E,86
39,woman,35.2,60.63,0,no,inland_south,6216.74,B,69
59,man,40.7,63.98,0,yes,inland_south,18577.19,C,80
31,woman,36.61,71.74,0,no,inland_north,4148.62,A,80
63,woman,17.51,69.83,3,yes,inland_south,15950.7,D,94
21,woman,34.1,65.62,2,no,inland_south,2514.39,B,89
33,woman,46.35,71.92,1,no,coastal_south,6997.79,B,71
34,man,34.46,69.5,1,no,inland_north,2989.0,D,90
47,man,23.62,65.58,0,no,inland_north,9662.16,C,85
26,woman,32.38,65.97,1,no,coastal_south,8524.28,A,81
28,man,22.85,67.88,0,no,coastal_north,1699.68,A,85
49,man,38.18,63.39,0,yes,coastal_north,26572.05,C,88
31,woman,24.83,66.63,0,no,inland_north,13027.29,C,86
59,man,31.11,67.8,0,no,inland_south,5067.55,B,99
58,woman,25.43,60.08,2,no,inland_south,10866.74,D,100
32,man,27.33,65.88,0,no,coastal_south,6368.75,B,80
44,man,39.73,65.44,0,no,coastal_north,16536.65,C,52
33,man,31.29,70.59,3,no,coastal_south,8536.53,C,96
34,woman,27.25,59.47,5,no,inland_north,6492.58,B,84
49,man,23.67,65.13,1,no,inland_south,6815.3,B,81
31,woman,19.24,64.75,1,yes,inland_south,12262.79,B,81
25,woman,23.03,70.33,2,yes,inland_south,12080.08,A,81
30,woman,31.34,66.44,0,no,inland_south,2619.68,C,99
61,man,36.64,73.56,0,no,inland_south,23404.83,E,84
30,woman,27.24,69.17,0,no,coastal_south,10938.42,D,100
35,man,40.24,65.02,0,yes,coastal_north,11721.1,C,81
47,man,26.28,67.54,5,yes,coastal_north,24546.05,C,80
22,woman,29.21,65.24,2,yes,coastal_south,13339.86,C,78
30,woman,24.07,69.94,5,no,coastal_south,4130.98,D,95
26,woman,36.7,61.45,2,no,coastal_north,2697.4,B,91
61,man,43.45,63.42,1,no,inland_south,9921.6,C,89
61,man,19.91,68.37,2,no,coastal_north,5534.03,C,89
53,woman,28.55,71.35,1,no,inland_south,3450.35,A,89
29,man,38.38,58.09,1,no,inland_south,7045.08,C,88
46,woman,21.83,71.93,0,yes,inland_north,35674.01,E,82
49,man,34.12,66.07,1,no,inland_north,12992.98,E,73
58,man,38.11,59.32,0,no,coastal_south,9210.6,B,74
25,man,31.14,55.0,1,yes,inland_north,6560.85,C,78
52,man,34.02,60.69,0,no,coastal_north,14960.8,C,91
27,man,41.4,66.53,1,no,inland_south,7746.23,C,93
44,woman,42.55,66.35,0,no,coastal_south,12375.93,C,66
59,woman,30.28,69.06,0,yes,coastal_south,67387.8,A,75
20,woman,27.41,64.48,1,no,inland_north,2987.52,D,84
24,man,25.05,62.32,0,no,inland_north,939.19,E,97
56,man,36.62,65.01,4,no,coastal_south,9830.89,D,77
18,man,22.29,66.74,1,no,inland_north,4707.01,D,86
50,man,29.12,67.5,0,no,coastal_north,8437.52,C,73
41,woman,31.29,63.56,0,no,inland_north,3191.13,C,90
34,man,27.59,70.1,2,no,coastal_south,3013.27,B,86
58,woman,32.37,64.21,1,yes,coastal_south,27110.07,C,74
57,woman,46.3,63.24,0,no,coastal_north,5993.58,A,75
33,man,29.92,64.51,0,no,coastal_south,8621.5,D,98
18,man,28.0,70.77,2,no,coastal_south,4010.83,C,77
24,man,36.85,66.1,4,yes,coastal_south,19242.01,C,69
23,woman,32.12,63.92,0,no,coastal_north,3572.4,C,98
64,man,39.44,70.19,0,no,coastal_north,18788.04,E,82
46,woman,31.66,74.9,0,yes,inland_north,24291.12,B,87
49,man,29.14,67.42,0,no,coastal_north,9788.35,B,91
28,man,19.78,71.38,2,no,inland_north,4386.08,B,92
57,woman,20.78,70.62,5,no,inland_south,8675.67,D,88
51,woman,19.46,64.27,5,no,coastal_south,5197.97,E,100
53,woman,32.97,66.71,2,no,inland_south,7064.06,B,96
40,man,22.35,61.65,0,yes,coastal_north,15890.07,E,96
50,woman,38.32,65.82,4,no,coastal_north,41062.78,B,70
43,man,30.84,64.19,0,no,inland_north,4020.29,D,99
36,man,29.17,65.05,0,no,inland_south,4151.86,A,83
45,man,25.51,63.71,2,no,inland_south,8434.08,C,81
33,woman,34.46,65.5,0,no,coastal_north,6964.93,D,82
62,man,25.75,68.67,2,no,inland_south,18198.23,C,97
51,woman,24.65,66.15,5,no,coastal_south,8404.43,B,95
52,man,37.91,59.39,2,no,coastal_south,12415.64,D,79
51,man,32.82,63.72,2,no,coastal_north,16921.62,E,93
39,man,29.23,60.73,0,no,inland_south,17993.87,C,88
62,man,34.57,67.55,0,no,coastal_north,26532.62,D,78
27,woman,30.71,68.56,2,no,inland_south,5132.68,D,79
44,man,33.0,67.6,1,no,inland_north,8428.23,B,89
21,woman,25.68,63.56,3,no,inland_north,4855.59,E,88
31,woman,43.29,67.57,0,no,inland_north,8001.78,B,65
45,woman,27.12,64.79,0,no,inland_south,4483.82,D,96
41,woman,40.15,62.21,0,no,coastal_north,14229.27,B,76
62,woman,29.51,69.48,2,no,coastal_north,12704.87,C,100
46,woman,35.58,69.78,2,no,inland_north,9840.56,C,69
37,woman,35.14,70.28,4,yes,coastal_south,13633.38,C,77
38,man,37.66,64.26,0,no,coastal_north,9722.86,D,75
46,man,25.53,71.17,1,no,coastal_north,2716.58,E,79
55,woman,37.22,64.7,0,no,coastal_south,9792.34,B,78
30,woman,41.92,69.14,0,no,coastal_north,5593.92,B,98
45,woman,29.08,64.63,0,no,coastal_north,7894.02,C,88
45,man,30.87,65.74,1,yes,inland_south,59536.08,C,73
18,woman,27.47,57.24,1,no,coastal_south,6865.8,C,69
60,woman,28.55,65.44,0,no,inland_south,19662.74,D,70
44,woman,41.1,66.96,1,no,inland_south,13233.59,D,75
29,woman,24.53,65.02,2,no,coastal_north,10127.16,A,83
47,woman,24.91,73.41,0,no,inland_north,17527.5,C,87
49,man,40.49,62.11,0,no,inland_north,7720.31,D,58
61,man,34.47,64.43,2,no,inland_north,8522.7,C,83
19,man,43.59,63.11,2,yes,coastal_north,29917.85,B,84
37,man,27.91,64.43,2,no,coastal_north,9047.93,C,100
26,man,31.43,70.6,0,no,coastal_north,5270.45,C,67
44,woman,26.63,72.33,1,yes,inland_north,15989.94,B,75
41,man,31.53,63.9,3,no,inland_south,6427.2,D,77
40,man,19.84,63.81,0,no,inland_north,14553.45,C,93
64,woman,34.84,62.13,0,no,inland_north,7158.71,C,72
42,man,32.63,71.67,5,no,inland_south,16787.88,C,100
37,woman,30.31,70.95,0,no,inland_north,9007.66,E,87
21,man,28.28,66.2,2,no,coastal_north,1967.69,B,86
31,man,25.2,61.21,2,no,inland_south,3162.2,B,100
60,man,35.1,61.55,0,no,coastal_south,7358.86,C,83
39,man,23.52,67.27,2,no,coastal_north,10308.56,C,94
60,man,33.78,68.74,1,no,coastal_south,9485.28,C,77
43,man,43.31,58.61,2,no,inland_south,11131.79,D,65
43,man,39.72,65.37,3,yes,coastal_south,16404.87,B,70
38,woman,21.48,72.87,3,no,coastal_south,19035.8,B,100
44,man,27.39,65.77,0,no,coastal_north,7462.59,C,94
21,woman,33.23,72.37,2,no,coastal_north,7326.55,D,87
20,woman,30.23,69.12,3,no,coastal_north,4293.17,D,76
40,woman,22.12,62.41,1,no,inland_north,3925.42,D,100
46,man,33.01,65.48,1,no,inland_south,23372.74,C,71
43,woman,30.6,66.11,0,no,coastal_north,2886.9,D,70
38,woman,42.34,62.92,2,yes,coastal_south,39987.87,D,69
31,woman,29.12,62.86,0,no,coastal_north,2877.02,B,100
51,woman,37.78,72.44,0,no,coastal_north,8728.41,C,100
46,woman,22.93,62.83,3,yes,inland_north,14336.38,D,81
20,man,24.39,70.78,4,yes,inland_north,8578.82,C,78
39,woman,35.06,64.92,5,no,inland_north,10907.98,D,67
51,man,37.27,66.51,1,no,coastal_south,2651.81,C,83
54,man,24.82,68.78,0,no,inland_north,5639.74,C,91
31,woman,30.81,64.29,1,no,coastal_north,5972.66,B,94
61,woman,22.23,68.81,0,no,coastal_north,4538.51,D,100
48,man,29.55,58.69,3,yes,inland_south,68630.06,E,80
38,woman,35.77,68.31,1,yes,inland_south,14648.22,B,84
47,woman,28.01,57.06,0,no,inland_south,6890.01,C,80
58,man,29.14,65.73,0,no,inland_south,5401.74,A,92
28,man,23.77,69.92,0,yes,inland_north,11394.57,A,80
25,man,26.71,69.02,3,yes,inland_south,34240.01,E,88
38,woman,41.38,61.59,2,no,coastal_south,47479.62,C,84
21,man,31.1,62.08,0,no,coastal_north,6997.09,C,86
57,man,24.55,63.94,0,yes,coastal_north,46147.62,B,92
63,woman,28.74,67.33,0,no,coastal_north,25173.54,E,71
46,man,20.92,58.75,0,no,coastal_north,6373.97,B,81
64,woman,24.47,66.56,3,yes,coastal_south,70000.0,D,82
21,woman,38.96,67.82,1,yes,inland_north,27880.64,C,62
47,man,29.79,65.51,0,yes,inland_south,26274.0,A,77
38,woman,42.19,68.64,2,yes,inland_north,36500.7,D,71
31,woman,30.08,67.48,0,no,coastal_north,2058.14,A,99
32,man,30.44,64.51,0,no,inland_north,8746.99,D,88
43,man,34.57,59.12,1,no,coastal_south,3325.31,B,94
48,man,16.0,67.13,0,no,coastal_north,1773.93,D,97
25,man,31.91,62.92,1,no,coastal_south,6605.29,D,80
46,man,30.36,64.37,2,no,coastal_south,5810.82,D,88
61,woman,39.72,68.46,3,no,coastal_south,11820.1,A,88
18,woman,36.54,72.1,0,no,inland_south,5906.64,D,95
59,woman,23.74,66.46,1,no,inland_south,10388.64,E,88
46,woman,38.24,68.75,0,no,inland_north,6636.43,B,65
34,man,29.06,61.02,1,no,coastal_north,11777.98,B,70
52,woman,25.14,67.56,0,no,inland_south,7340.28,D,86
47,woman,31.86,66.38,1,yes,inland_north,35349.64,B,57
54,woman,29.42,71.37,0,no,coastal_north,5065.62,D,100
21,woman,40.04,64.52,4,no,inland_north,6806.81,D,87
20,man,32.74,65.67,3,no,coastal_south,9110.17,A,79
48,woman,31.91,70.71,0,no,coastal_south,14351.03,C,74
32,woman,36.15,66.25,2,no,coastal_north,5324.84,C,93
29,woman,37.33,62.32,0,no,inland_north,5031.38,C,71
37,woman,35.44,76.48,2,no,coastal_north,4594.26,E,73
52,man,39.32,62.44,0,no,coastal_north,7309.13,B,74
26,woman,34.37,66.36,0,no,coastal_north,2832.53,C,85
63,woman,31.68,67.95,2,no,inland_south,11703.46,D,92
37,woman,38.22,67.65,1,no,coastal_south,14815.17,B,94
25,man,30.11,65.88,1,no,coastal_south,4060.25,D,97
21,man,30.86,65.89,1,no,coastal_south,4201.25,A,86
58,man,41.16,65.7,0,yes,inland_south,24783.14,C,85
23,man,40.55,62.29,0,no,inland_north,10718.4,A,74
37,man,30.61,74.93,1,no,inland_south,4790.06,D,68
49,woman,27.89,65.76,1,no,coastal_south,7186.99,D,81
42,woman,39.59,68.92,0,no,coastal_north,7137.86,D,73
30,man,35.54,65.31,0,no,inland_north,3310.47,E,77
23,woman,32.59,65.24,1,yes,coastal_south,25613.55,D,70
51,man,28.7,64.85,1,yes,inland_south,26652.58,D,77
41,woman,32.68,60.61,2,no,inland_south,9622.83,C,91
20,man,30.53,65.99,0,no,coastal_south,8680.08,E,100
26,man,26.61,65.03,1,yes,inland_south,28588.72,D,66
44,man,31.45,71.14,1,no,inland_north,3229.28,E,73
25,man,32.28,61.98,0,no,coastal_south,8457.36,B,77
36,man,28.37,64.38,0,no,coastal_south,7744.7,C,95
23,man,36.17,63.13,0,no,coastal_north,3524.87,D,81
55,woman,38.52,72.19,2,no,inland_south,13704.87,B,74
47,man,36.58,63.25,0,no,coastal_north,3897.53,B,90
54,man,28.97,68.79,1,yes,coastal_south,70000.0,E,91
20,woman,35.27,70.36,1,no,inland_north,7344.65,C,83
35,woman,31.14,66.04,0,no,coastal_north,3937.21,B,78
30,man,23.12,61.28,2,no,coastal_north,3521.13,C,93
47,man,34.76,61.33,2,no,inland_north,3902.42,C,81
56,woman,31.55,69.94,0,no,coastal_north,8571.14,D,83
28,woman,46.48,61.73,2,no,coastal_south,8924.52,E,72
54,woman,39.55,68.13,1,no,coastal_south,7278.82,E,90
45,woman,35.0,67.05,0,no,coastal_north,14544.12,D,86
56,man,32.18,68.07,2,no,coastal_north,26313.28,D,96
21,woman,31.66,68.44,2,no,inland_south,5099.97,C,99
64,woman,24.54,63.0,0,no,inland_south,6194.67,D,94
38,man,20.05,62.83,5,no,coastal_north,8674.34,B,87
31,woman,25.34,69.38,1,no,inland_south,5142.51,B,99
26,woman,30.37,64.17,1,yes,inland_north,10485.03,E,86
64,man,17.82,55.97,0,no,inland_north,4352.45,E,100
59,man,27.34,69.12,0,no,inland_north,8476.58,C,91
24,man,29.15,62.6,1,no,inland_north,6615.23,D,94
38,man,29.35,68.42,1,no,inland_south,6708.46,C,90
52,woman,26.62,72.0,1,no,coastal_south,8843.23,C,87
45,man,28.58,66.67,2,no,inland_north,3907.26,C,85
26,man,41.18,70.46,0,no,coastal_south,9155.57,B,83
34,man,34.7,67.21,2,no,coastal_north,10227.47,C,89
35,man,27.24,72.75,2,no,inland_north,25081.43,C,99
31,man,30.24,62.5,2,no,coastal_north,6585.21,C,89
63,man,30.49,66.58,2,yes,coastal_south,39764.15,B,76
27,woman,25.98,69.22,3,yes,coastal_north,70000.0,E,80
51,man,25.97,65.87,0,no,coastal_north,8243.41,D,75
60,woman,36.82,71.07,2,yes,inland_north,39619.24,E,94
55,man,28.1,64.94,4,no,inland_north,6394.21,B,82
55,man,23.98,74.62,1,yes,coastal_south,62557.84,D,94
25,man,30.4,74.82,0,yes,coastal_north,9565.33,D,84
24,man,31.38,67.7,5,no,coastal_south,8975.24,C,89
54,woman,18.63,68.75,0,no,coastal_south,4710.72,B,91
53,man,30.41,71.22,0,yes,inland_north,24318.13,B,73
52,man,35.95,62.02,0,yes,inland_north,11613.42,B,68
37,woman,33.41,61.53,1,yes,coastal_south,52906.38,C,97
42,woman,44.26,71.47,0,no,coastal_south,9065.91,C,80
18,woman,38.29,67.67,1,no,inland_south,2783.14,B,93
31,man,39.5,65.73,3,yes,inland_north,54210.09,D,90
42,woman,47.74,66.65,1,no,coastal_south,7772.16,A,72
23,man,35.28,57.38,1,no,coastal_south,7474.88,C,88
24,woman,31.65,65.87,3,no,coastal_north,11076.31,D,86
20,man,36.6,63.7,2,no,inland_south,7401.72,B,71
27,woman,27.25,70.16,0,no,coastal_south,1764.55,B,86
64,man,31.32,70.46,0,no,coastal_south,17152.95,B,92
50,woman,26.71,68.84,1,no,inland_south,6782.91,A,83
62,man,33.09,68.14,2,no,inland_north,9102.72,C,81
30,man,26.68,60.82,1,yes,coastal_north,12957.9,A,81
46,man,26.47,68.9,0,no,coastal_north,3433.22,B,100
59,man,33.18,69.05,2,no,coastal_north,13393.7,E,66
34,woman,29.82,71.43,1,no,inland_north,3488.56,E,91
48,woman,18.9,74.81,1,yes,coastal_north,14976.07,B,85
50,woman,21.78,60.06,3,no,inland_south,7808.51,C,84
57,woman,23.66,65.11,2,no,inland_south,13385.26,C,87
63,man,25.27,63.74,1,no,inland_north,5502.63,D,96
46,man,33.19,67.28,1,no,inland_north,19519.05,D,92
45,man,32.0,66.66,1,no,coastal_south,13843.63,B,87
58,man,37.16,65.7,1,yes,coastal_north,30790.25,B,88
50,man,35.25,70.59,1,no,inland_north,5388.43,C,96
34,man,37.2,62.35,2,no,coastal_north,4244.98,E,91
47,woman,34.37,62.58,1,yes,coastal_north,37138.85,E,73
43,woman,31.94,62.65,1,no,coastal_south,6081.46,B,90
28,man,37.37,65.22,0,yes,coastal_north,37195.45,C,82
42,man,36.27,61.86,2,no,coastal_south,7506.9,B,75
47,woman,32.95,66.42,1,no,inland_north,4990.94,D,69
60,man,38.41,65.97,0,yes,inland_south,46986.08,E,57
45,man,16.35,63.57,0,no,inland_north,3120.88,C,95
25,woman,28.89,69.99,0,no,inland_south,4343.78,A,90
64,woman,28.79,66.38,4,yes,coastal_south,60590.94,C,70
45,man,37.69,70.72,3,no,inland_south,10194.19,C,93
31,man,40.25,65.86,1,no,coastal_south,8061.53,D,82
53,woman,21.81,66.52,0,no,coastal_north,7022.3,C,100
36,man,39.27,64.43,2,no,inland_south,4246.67,E,85
35,woman,23.51,66.58,1,no,coastal_south,6409.95,B,79
57,man,23.7,69.37,4,no,coastal_north,8806.07,B,94
58,woman,29.23,65.02,0,no,coastal_south,14200.65,C,93
42,man,28.72,68.62,0,no,coastal_south,8930.58,A,82
35,woman,21.15,63.46,1,no,coastal_south,4671.09,C,77
58,woman,34.62,69.55,0,yes,inland_north,54242.9,D,80
26,man,34.8,64.37,1,no,inland_south,5658.67,B,74
53,woman,37.09,69.91,2,yes,coastal_south,45303.96,B,89
45,woman,28.02,66.85,0,no,inland_north,6906.97,B,83
58,woman,30.42,72.5,1,yes,coastal_south,29820.89,A,98
37,man,30.47,62.14,2,no,inland_south,6180.44,E,65
57,man,40.96,60.9,2,no,coastal_north,41574.41,E,82
18,man,16.0,64.23,1,yes,coastal_north,21376.65,A,100
53,woman,24.82,61.25,0,no,coastal_south,14331.89,D,80
21,woman,30.69,61.26,1,no,inland_north,12425.53,D,84
48,woman,24.04,69.02,1,no,inland_south,3825.01,E,86
27,man,29.08,66.59,2,no,inland_north,2961.49,C,80
63,man,29.89,64.75,1,no,inland_south,9434.72,C,89
54,man,26.65,65.11,0,no,coastal_south,8204.27,C,75
22,man,31.05,64.3,2,no,coastal_north,5377.09,D,85
59,woman,34.49,73.0,1,no,coastal_north,4792.92,D,89
29,man,29.22,63.76,0,no,coastal_north,9079.24,C,85
43,man,27.9,61.49,1,no,coastal_south,28572.71,B,78
22,woman,29.65,69.69,4,no,coastal_south,14618.09,D,97
22,woman,30.61,65.78,2,no,coastal_south,10798.09,D,93
29,woman,20.04,74.5,0,no,inland_north,5060.66,C,81
43,woman,33.48,64.57,2,no,coastal_south,6053.54,D,72
43,woman,27.91,69.88,0,no,inland_north,5765.27,C,78
58,woman,38.36,70.8,1,no,inland_north,41959.78,C,87
25,man,34.27,64.59,1,no,coastal_south,4698.61,C,87
53,woman,37.8,63.73,0,no,coastal_south,8934.39,D,90
18,woman,24.49,69.48,0,no,inland_north,7419.25,E,86
31,man,28.39,68.83,4,no,inland_north,13941.89,C,78
26,man,23.08,61.15,0,yes,coastal_south,8836.38,C,94
23,man,26.36,62.24,2,no,coastal_south,4854.15,C,83
45,woman,38.3,56.79,1,no,inland_north,7665.66,B,84
60,man,39.73,68.91,1,no,inland_north,12137.99,C,66
49,woman,23.66,65.6,0,no,coastal_north,12531.8,B,84
58,woman,27.86,65.98,0,no,coastal_south,5010.05,C,98
45,man,30.2,60.06,0,no,inland_south,15163.86,B,79
20,man,34.23,62.36,1,no,coastal_north,5076.86,C,92
34,man,19.93,64.76,4,no,inland_south,20154.76,D,69
56,man,20.88,64.01,3,no,coastal_north,8302.88,B,86
20,man,33.65,67.07,0,yes,coastal_south,14158.56,D,78
22,woman,18.77,68.87,0,no,coastal_south,5284.88,E,100
57,woman,27.93,75.39,0,no,coastal_north,6937.83,C,76
20,woman,31.65,66.53,4,no,inland_south,2366.82,B,92
63,woman,33.2,70.93,0,no,coastal_south,10195.94,C,95
53,man,29.8,63.4,0,no,inland_south,6871.15,C,79
49,woman,28.43,60.13,1,no,coastal_south,3609.69,C,83
43,man,35.81,65.25,1,yes,inland_south,27019.42,B,80
22,man,32.4,60.43,0,yes,inland_south,5015.45,C,65
37,man,26.71,66.67,2,no,inland_north,4907.85,C,84
55,woman,30.89,63.59,0,no,coastal_north,9660.14,B,99
60,woman,33.0,59.05,0,no,inland_north,11684.44,D,90
39,man,41.14,73.33,0,no,inland_north,6595.04,A,79
57,man,35.46,64.53,0,no,inland_south,8706.87,C,84
54,man,38.07,60.27,4,yes,coastal_south,30971.53,D,83
20,man,26.94,70.09,1,no,coastal_south,4159.22,B,96
47,man,27.46,63.79,2,no,coastal_north,10491.1,D,82
46,woman,29.22,70.83,0,yes,inland_north,13797.81,C,97
43,man,29.78,63.77,2,no,inland_south,8316.86,C,100
54,woman,24.51,64.52,4,no,coastal_north,11883.69,E,96
59,man,38.38,67.94,0,yes,inland_north,28390.1,C,68
43,man,36.05,68.91,5,no,inland_south,42206.88,B,73
33,man,28.8,69.58,1,no,coastal_north,6623.01,E,84
64,woman,34.57,66.26,2,no,coastal_north,10544.64,D,84
63,woman,32.02,68.66,0,yes,inland_north,21182.45,D,63
50,man,35.05,69.5,1,no,inland_north,5496.14,A,89
48,woman,22.46,67.39,1,no,coastal_north,10048.48,B,100
22,woman,29.77,66.06,4,no,inland_south,4278.86,D,92
36,woman,30.31,61.02,3,no,inland_north,5667.43,B,79
27,woman,34.46,68.93,0,yes,inland_south,11561.16,B,71
42,woman,26.83,66.77,4,no,inland_south,5086.86,D,91
56,man,16.0,65.01,3,yes,inland_south,8779.57,C,88
28,woman,24.06,71.55,1,no,inland_north,3741.67,A,94
64,woman,30.29,61.08,0,no,coastal_south,15043.86,A,92
24,woman,31.05,72.97,0,yes,coastal_south,16770.37,C,92
22,woman,40.93,66.52,0,no,coastal_north,11394.45,D,69
63,woman,34.21,67.84,0,no,inland_north,20237.87,E,86
22,man,31.16,65.08,4,yes,coastal_north,26285.76,B,77
52,woman,30.46,60.16,0,no,coastal_south,23522.86,B,85
53,woman,37.4,66.07,2,no,coastal_north,9935.0,C,91
33,woman,27.06,67.91,1,yes,coastal_south,16910.73,C,93
21,woman,29.8,69.23,1,no,coastal_north,5282.97,C,100
32,woman,24.02,65.84,0,no,inland_north,12662.17,E,94
21,woman,39.32,58.12,1,no,inland_south,6532.62,C,80
49,man,33.05,60.64,1,no,coastal_north,6859.15,C,82
59,woman,26.34,74.55,1,no,inland_south,14741.02,E,71
64,man,29.96,62.38,0,no,inland_south,5750.34,A,100
55,woman,33.77,72.13,2,no,coastal_south,19261.84,E,81
54,woman,29.13,63.0,0,no,inland_north,8282.57,C,92
59,woman,27.4,65.9,1,no,coastal_south,7749.9,C,95
54,man,26.67,69.03,1,no,coastal_north,12820.58,E,76
48,man,32.73,63.44,0,no,inland_north,4122.11,C,76
64,woman,28.48,72.77,2,no,coastal_north,14539.95,C,100
33,woman,27.89,66.9,0,no,inland_south,4132.79,B,90
37,woman,22.51,68.39,3,no,inland_south,29087.41,D,85
60,woman,31.13,65.57,3,yes,inland_south,29158.97,C,79
32,man,29.55,69.16,0,no,inland_north,4410.31,B,97
32,woman,28.7,72.72,0,no,inland_north,2634.42,D,96
25,woman,31.87,66.1,0,yes,inland_south,42483.4,D,66
30,man,35.22,73.3,3,no,coastal_south,6481.55,C,100
45,woman,34.94,64.24,1,no,coastal_north,6748.44,A,93
59,woman,34.03,69.57,0,no,inland_north,13204.23,C,83
24,man,29.19,68.5,1,no,coastal_south,6414.95,A,75
49,woman,27.2,62.47,0,no,coastal_south,10320.14,A,98
54,woman,24.29,67.44,1,no,coastal_north,8766.47,C,94
60,woman,27.04,66.64,1,no,inland_north,8728.49,A,73
53,man,30.78,63.31,0,yes,coastal_south,32285.42,B,79
25,woman,25.86,68.0,2,yes,coastal_north,21091.86,D,100
40,woman,31.25,67.18,0,no,coastal_north,9986.08,C,86
62,woman,24.77,66.33,1,no,coastal_south,19138.18,E,82
60,woman,20.53,66.34,1,no,inland_south,7311.56,E,81
46,man,35.66,66.26,4,yes,coastal_south,22386.54,C,96
63,woman,27.77,65.19,1,no,inland_north,10169.14,E,96
49,man,25.55,67.15,3,no,inland_north,11561.78,E,100
21,man,23.99,64.12,0,no,coastal_south,1552.7,C,92
60,man,33.24,76.89,2,no,inland_south,4466.14,D,97
25,woman,39.05,61.16,0,no,inland_north,8864.11,B,73
35,man,28.2,64.35,2,no,inland_north,15826.29,D,89
29,man,29.35,64.65,0,no,coastal_north,2751.0,C,90
51,woman,37.2,74.51,5,yes,coastal_north,46076.6,A,91
19,man,19.62,61.5,4,no,inland_south,3057.65,B,95
48,man,42.66,68.26,1,no,inland_south,12077.47,E,73
58,woman,45.57,67.57,1,no,inland_south,16156.5,C,78
55,man,16.0,67.9,1,no,inland_south,2135.52,B,77
32,woman,30.07,71.39,0,no,coastal_north,3489.09,B,63
60,man,26.27,71.32,2,no,inland_south,7406.25,C,97
35,man,29.04,64.86,2,no,coastal_south,7020.99,D,83
49,woman,28.11,67.36,1,no,inland_south,4025.84,D,85
41,man,35.61,59.4,0,no,coastal_north,13226.66,C,92
21,woman,29.97,66.99,3,no,coastal_south,5078.03,B,100
18,man,25.1,63.54,0,no,inland_north,2811.17,A,94
26,man,29.61,65.89,1,no,inland_south,7310.98,C,100
61,woman,33.8,60.09,0,no,inland_north,11951.68,D,89
62,woman,23.44,68.18,0,no,coastal_south,11081.07,D,93
37,woman,20.62,60.04,0,no,coastal_south,2709.83,C,94
63,woman,42.82,67.18,0,no,inland_south,4950.3,C,66
20,woman,26.74,61.86,1,yes,coastal_south,12093.46,C,93
63,woman,29.82,63.32,1,yes,coastal_south,30975.11,C,57
28,woman,28.23,71.08,2,no,inland_north,2809.92,C,81
19,woman,34.0,68.89,2,no,coastal_south,2834.98,D,84
53,man,41.47,71.06,0,no,inland_north,12842.59,C,72
35,man,34.2,72.65,0,no,coastal_south,4757.2,E,80
31,man,21.4,63.62,1,no,inland_south,1811.2,C,100
53,woman,22.22,72.41,1,yes,inland_south,30831.82,A,97
33,man,28.23,60.94,1,yes,inland_south,13439.87,B,75
53,man,29.02,69.5,0,no,inland_north,15385.2,C,82
27,woman,20.16,64.7,2,no,coastal_south,4378.69,C,79
22,woman,35.66,63.01,0,yes,inland_north,14532.5,C,85
33,man,24.03,68.99,1,no,inland_south,5403.52,D,87
46,woman,39.77,70.27,0,yes,inland_north,5865.16,B,56
28,man,41.77,70.15,1,no,inland_north,3838.81,D,81
24,man,29.15,67.44,0,yes,inland_north,11289.27,D,86
53,woman,33.34,67.12,2,no,inland_north,11012.14,C,94
41,woman,23.15,68.65,0,no,inland_north,1895.43,C,89
38,man,34.46,67.79,1,no,coastal_north,7706.56,B,80
29,man,27.62,68.71,0,no,coastal_south,2639.86,C,100
18,woman,24.03,67.4,2,no,inland_north,4819.77,D,90
20,man,28.9,69.87,0,yes,coastal_north,14134.98,E,89
50,man,27.82,60.31,0,no,inland_south,13774.1,C,82
21,man,28.68,66.1,2,yes,inland_north,21598.69,C,89
29,man,36.45,61.25,0,no,coastal_north,9436.55,D,68
60,woman,25.87,67.68,0,no,inland_south,13892.1,D,84
34,woman,41.24,72.96,2,no,inland_north,6824.52,C,68
52,man,22.58,64.78,2,no,inland_south,37007.77,D,84
34,woman,40.51,67.1,2,no,coastal_south,4869.5,A,93
61,man,24.46,69.54,0,no,inland_south,5324.6,A,83
56,man,30.65,58.61,1,no,coastal_south,18794.91,B,93
40,woman,27.67,64.59,2,no,inland_north,8373.47,B,100
50,man,28.56,68.02,0,yes,coastal_north,31618.43,E,82
37,woman,35.55,55.4,2,no,inland_north,14258.71,C,93
62,man,39.81,62.83,0,yes,inland_north,11890.9,B,81
34,woman,37.92,70.87,3,no,inland_north,22962.78,C,83
57,man,28.19,70.49,1,no,coastal_south,9825.57,C,95
46,man,31.78,68.06,1,no,inland_south,13534.49,C,100
48,woman,25.89,70.02,1,no,inland_north,2528.89,B,82
34,man,24.61,67.44,0,no,coastal_south,7503.44,D,80
57,man,23.67,68.76,0,no,inland_south,4805.16,B,80
53,man,27.99,65.39,2,no,inland_north,16455.93,D,97
56,man,32.18,67.06,1,no,inland_south,11648.78,B,96
55,man,19.0,64.16,1,no,inland_south,6318.35,D,87
25,woman,30.38,71.5,0,no,inland_south,3067.74,D,65
59,man,39.91,72.5,2,yes,inland_north,33875.71,B,69
57,woman,37.5,71.95,0,no,inland_north,10615.64,B,88
29,man,27.09,65.03,0,yes,coastal_north,23939.25,E,82
64,man,22.14,62.92,4,no,inland_north,15705.52,C,92
42,woman,33.46,71.55,1,yes,inland_south,31423.22,D,74
33,woman,16.52,68.71,1,yes,inland_north,5598.2,A,99
28,man,37.43,67.88,5,no,inland_south,8255.06,B,86
35,woman,29.36,64.16,0,no,coastal_north,26691.72,C,93
19,man,41.83,68.26,4,no,coastal_south,23241.4,E,81
50,woman,20.13,62.41,2,yes,coastal_south,3771.89,B,92
51,man,36.26,69.06,1,no,coastal_south,11736.41,D,88
49,woman,30.05,71.95,0,no,coastal_north,14713.85,D,77
43,woman,28.64,72.92,0,yes,coastal_north,16577.78,B,86
35,man,22.3,69.35,1,no,inland_south,3114.7,C,99
52,man,34.29,61.26,0,no,coastal_south,8651.09,B,96
58,woman,34.78,67.37,0,no,coastal_north,11714.95,C,88
22,woman,41.55,74.89,1,no,coastal_north,3513.16,D,70
35,man,36.81,63.25,2,no,coastal_south,14557.88,C,75
64,man,27.04,66.38,0,yes,coastal_north,21400.02,B,79
58,woman,24.54,72.08,2,no,inland_north,5692.13,D,91
64,man,22.31,69.0,4,no,inland_south,17523.69,C,89
26,man,39.65,76.21,2,no,coastal_north,3281.72,C,70
39,man,25.91,63.77,2,no,inland_north,4339.09,C,77
24,man,39.69,62.78,2,no,coastal_north,4975.23,B,60
58,man,33.86,71.35,0,yes,coastal_south,70000.0,D,48
42,woman,32.67,61.98,0,yes,inland_south,14963.1,C,79
29,man,28.79,65.85,4,no,inland_north,2257.16,C,100
22,man,34.69,66.36,1,no,inland_south,4333.69,B,100
52,man,30.57,70.62,2,no,coastal_north,12668.51,C,76
56,woman,28.41,68.99,4,no,coastal_south,15303.23,D,89
59,woman,34.91,68.38,0,no,coastal_south,36503.44,C,69
63,man,29.78,65.05,0,no,coastal_south,23362.22,D,73
56,woman,25.79,71.31,1,no,inland_south,8800.45,D,77
54,man,34.32,82.19,0,yes,coastal_north,15557.55,B,77
56,woman,30.27,69.29,1,no,inland_south,24241.01,D,84
64,man,33.64,67.0,2,yes,inland_south,35794.62,C,82
39,man,27.89,61.59,1,no,inland_north,5022.71,E,94
53,woman,23.28,64.14,0,yes,coastal_south,16480.49,B,82
56,woman,41.24,65.78,2,no,inland_north,5603.51,B,81
23,man,40.09,64.54,0,no,coastal_south,5814.45,C,70
50,man,36.05,66.55,3,yes,inland_south,30484.33,B,65
33,woman,28.29,73.49,0,yes,coastal_south,30392.93,D,67
24,man,28.83,71.44,3,no,inland_south,5221.32,C,94
26,man,39.09,66.0,1,no,inland_north,3214.01,B,78
23,woman,28.5,61.93,0,no,inland_north,1842.11,C,68
60,woman,26.8,71.79,1,no,inland_north,13277.95,E,87
54,woman,42.08,66.42,0,no,coastal_south,14450.74,D,67
22,woman,30.37,59.93,1,yes,inland_south,8319.15,C,98
47,woman,41.45,69.37,2,no,coastal_north,9898.1,C,74
49,woman,22.13,70.58,2,no,inland_south,7864.46,B,98
42,man,33.82,57.22,0,no,inland_south,20429.68,E,95
46,woman,43.29,63.42,2,no,inland_south,8395.88,D,70
60,man,30.84,66.18,2,no,coastal_south,10161.23,C,87
42,woman,29.05,69.45,2,no,inland_south,15177.85,E,92
49,woman,23.54,64.61,0,no,coastal_south,4530.16,B,91
44,man,37.26,63.39,0,no,inland_south,9460.74,D,86
36,man,25.96,69.42,3,yes,coastal_north,20881.36,B,70
59,woman,30.08,64.8,0,no,coastal_south,5382.09,B,92
37,woman,23.13,68.71,0,yes,coastal_south,18702.42,C,80
55,woman,40.16,62.31,2,no,coastal_south,14065.6,C,84
46,man,37.7,61.38,0,no,coastal_south,16948.49,E,91
50,woman,30.47,69.53,2,no,inland_south,5878.4,C,93
53,woman,23.62,67.59,0,no,coastal_south,8595.11,D,93
52,woman,40.03,70.18,2,no,inland_north,27913.57,D,87
44,woman,28.43,64.55,4,no,coastal_north,32385.99,D,94
46,man,23.92,63.53,5,no,inland_south,19447.27,E,100
41,man,19.91,71.88,3,no,inland_south,3120.02,C,92
33,man,26.72,60.72,3,no,coastal_south,11108.11,C,90
52,woman,21.79,71.45,0,no,inland_north,4376.72,B,100
59,woman,26.86,71.72,4,no,inland_south,13360.52,B,83
51,woman,35.2,69.94,3,no,inland_south,8143.91,E,70
54,man,28.37,63.95,1,no,coastal_south,3132.9,C,92
57,man,32.83,63.45,0,no,coastal_south,8459.75,C,83
35,man,26.25,65.8,0,no,inland_south,7535.31,B,76
20,man,31.06,61.6,1,no,coastal_south,6546.35,C,91
33,man,42.38,62.89,2,no,inland_south,12126.97,D,94
53,man,28.53,69.11,0,no,coastal_south,8835.14,C,71
56,woman,33.01,69.12,0,yes,inland_south,41233.19,D,90
42,woman,21.11,62.55,1,no,coastal_north,9281.92,D,66
54,woman,39.93,69.23,0,yes,coastal_north,34986.09,D,72
21,man,27.75,68.37,4,no,inland_south,5608.47,B,100
48,woman,37.07,72.45,0,no,inland_south,25396.93,D,79
49,man,29.91,68.81,0,no,inland_south,8805.27,B,87
41,man,34.39,70.71,0,no,inland_south,7493.98,C,92
51,man,34.75,68.46,2,yes,coastal_south,37423.06,D,62
41,woman,27.9,70.4,3,no,coastal_south,7853.48,D,88
42,woman,37.32,61.63,0,no,coastal_north,5878.0,B,83
46,woman,26.03,66.14,0,no,coastal_south,8673.19,D,100
55,man,35.41,66.46,1,no,coastal_north,7332.9,A,71
29,man,28.28,65.67,0,no,inland_south,4680.67,C,83
32,man,32.79,68.33,2,no,coastal_north,5720.7,E,76
37,woman,27.84,69.07,0,no,coastal_north,7658.37,C,77
27,woman,30.96,68.13,1,yes,coastal_south,24121.47,D,92
33,woman,24.1,65.93,0,no,coastal_north,4515.85,C,90
34,man,32.17,63.76,1,no,coastal_north,2350.95,D,80
32,man,30.93,70.86,0,no,inland_north,8047.64,D,81
37,woman,27.37,67.96,0,yes,coastal_south,19866.28,D,77
41,man,30.32,62.67,0,yes,inland_north,11243.22,B,76
50,woman,31.48,65.86,0,no,inland_south,14150.62,D,73
32,man,26.9,59.86,0,no,inland_north,2488.66,B,85
57,woman,29.87,66.75,4,no,inland_north,20238.62,E,83
40,woman,24.53,65.84,0,yes,coastal_south,19259.06,B,77
51,man,44.97,64.39,0,no,coastal_north,3742.98,B,80
23,woman,37.12,72.74,0,no,coastal_south,6574.55,D,85
26,woman,32.33,62.14,2,no,inland_south,5403.84,B,80
39,woman,37.81,69.34,3,no,inland_north,7573.97,C,81
35,woman,18.59,75.07,2,no,coastal_south,3579.35,D,100
41,man,16.0,70.78,1,no,coastal_south,4542.66,B,100
25,man,28.22,66.49,2,no,inland_south,3997.21,B,77
40,man,22.25,62.22,0,yes,inland_north,5880.69,C,76
50,woman,29.22,61.34,2,no,inland_north,17883.42,B,76
52,man,31.91,65.02,2,no,inland_south,8101.77,B,96
29,woman,36.27,63.95,0,no,inland_north,3123.53,A,79
34,woman,23.72,63.83,1,yes,inland_north,8831.47,C,87
42,woman,33.1,65.35,0,no,coastal_north,11940.2,C,100
42,man,30.75,66.21,0,no,coastal_north,3618.05,A,86
55,man,32.78,68.49,2,no,inland_south,12512.85,D,92
36,man,27.49,61.82,0,no,inland_north,4347.6,D,93
49,man,39.1,63.97,2,no,coastal_south,9169.22,A,75
59,woman,30.03,65.99,5,no,inland_north,6881.1,C,97
32,man,41.48,65.85,1,no,coastal_north,7110.2,E,72
56,man,25.84,73.72,0,no,inland_south,7601.42,C,100
33,woman,35.19,67.51,1,no,coastal_north,10311.97,C,78
33,woman,30.3,60.37,2,yes,inland_south,11948.23,C,76
48,woman,28.66,68.23,0,no,inland_north,6719.21,B,76
47,man,34.52,68.72,0,no,coastal_south,14106.29,D,75
43,woman,28.84,66.13,1,no,coastal_north,3778.17,E,83
28,man,16.0,61.91,3,no,inland_south,4083.2,E,70
22,woman,16.0,73.41,0,no,coastal_north,1616.4,B,92
60,man,38.42,62.47,0,no,coastal_north,6428.29,C,77
59,woman,38.16,69.17,5,no,inland_north,17173.59,B,90
59,woman,42.17,67.38,0,no,coastal_south,8650.12,C,84
42,woman,30.55,68.94,0,yes,coastal_south,8981.99,C,74
59,woman,22.77,73.22,1,yes,coastal_south,55504.74,D,81
40,man,28.1,68.78,0,no,inland_south,8142.35,B,85
21,woman,30.73,64.45,0,no,coastal_south,2110.84,E,100
27,man,24.52,70.89,1,no,coastal_north,2495.48,B,81
30,woman,40.72,64.17,1,no,coastal_south,10461.21,A,73
35,woman,44.32,67.24,1,no,coastal_north,10040.08,D,67
62,man,33.58,61.61,0,no,coastal_south,27134.45,D,70
33,woman,30.59,62.61,1,no,coastal_north,11182.17,C,89
46,man,22.76,66.81,1,no,coastal_north,7612.82,C,92
30,man,40.09,68.03,2,yes,coastal_south,10971.0,B,89
48,man,31.13,60.02,2,no,inland_south,11488.89,B,96
44,woman,28.9,68.53,1,no,coastal_north,4639.79,C,100
25,woman,33.6,63.44,3,no,coastal_north,15252.11,C,84
39,man,27.09,71.56,2,no,inland_south,8750.7,D,85
22,woman,31.56,65.25,0,no,inland_south,3074.64,B,73
59,woman,21.86,62.26,4,yes,inland_north,46803.09,D,93
51,woman,37.29,66.9,3,no,coastal_north,44925.17,D,84
62,man,30.02,63.06,0,no,coastal_south,11197.19,B,93
59,man,37.73,71.52,0,no,coastal_north,13568.91,A,71
28,man,29.43,66.61,1,no,coastal_north,5183.89,C,90
51,man,29.83,66.02,1,no,coastal_south,11167.76,D,89
22,woman,23.26,68.9,2,no,inland_north,1834.37,D,91
63,man,35.29,62.72,1,yes,coastal_south,37440.74,D,72
54,woman,25.32,61.62,0,no,inland_north,8361.23,C,100
49,man,27.69,68.19,0,no,coastal_south,21249.26,B,100
64,woman,30.67,62.35,3,no,coastal_south,5015.53,C,75
57,man,31.4,62.35,0,yes,inland_south,18499.12,B,88
58,woman,20.25,69.85,2,no,inland_south,16726.04,D,63
22,woman,29.25,68.64,0,no,coastal_south,4321.35,B,93
19,woman,35.51,61.76,1,no,inland_north,4824.9,C,65
63,woman,28.35,64.21,1,no,coastal_south,6967.58,C,82
29,woman,29.29,63.11,0,no,coastal_north,3264.68,C,74
38,man,31.65,73.48,1,no,inland_north,2680.81,D,83
20,woman,29.89,70.12,2,no,coastal_north,3653.35,C,95
47,man,24.37,64.98,0,no,coastal_south,4335.17,E,71
56,woman,30.44,68.84,0,no,coastal_south,13142.96,D,83
57,man,36.72,61.36,2,yes,coastal_north,29255.42,E,73
45,woman,24.25,64.01,2,yes,coastal_north,15784.45,D,100
49,man,28.38,67.02,1,no,coastal_south,8642.33,D,92
42,man,22.23,68.36,2,no,inland_south,6097.97,D,79
38,woman,36.4,66.23,0,no,inland_north,5864.38,C,78
44,man,30.1,67.57,0,yes,coastal_south,14028.98,C,97
61,woman,25.47,66.91,1,no,coastal_north,7749.33,C,96
29,woman,31.22,65.98,2,no,inland_north,10295.31,A,77
40,man,23.32,65.46,2,no,coastal_north,6052.39,A,87
46,man,24.36,64.96,0,yes,inland_north,14133.7,D,82
44,woman,21.75,67.51,1,no,inland_north,5237.89,A,86
19,woman,24.15,68.2,1,no,coastal_south,1334.83,C,72
31,man,38.94,67.38,0,yes,coastal_south,21792.92,D,70
48,man,26.19,62.05,1,no,coastal_north,6753.43,B,100
50,man,33.5,62.74,1,yes,coastal_north,19980.16,E,76
52,man,25.56,68.15,0,no,coastal_south,5054.76,B,88
64,man,35.29,72.31,0,no,inland_south,10088.24,E,85
49,woman,24.4,67.2,0,yes,coastal_south,44921.52,D,100
45,man,30.9,65.02,3,no,inland_north,16657.43,B,86
33,woman,30.98,67.48,0,no,inland_north,3409.83,B,97
35,man,44.86,62.21,0,no,coastal_north,5690.05,C,72
56,woman,34.51,71.68,0,no,coastal_north,6814.15,C,81
40,man,27.04,67.33,0,no,coastal_south,9798.32,B,88
51,man,34.84,64.02,0,no,inland_north,11182.91,E,76
23,man,43.7,65.96,1,no,coastal_south,7440.0,B,77
24,man,20.72,64.57,0,no,inland_north,5275.32,D,100
28,woman,25.52,71.69,0,no,inland_south,3072.29,B,81
27,man,29.21,65.83,0,no,inland_south,11005.15,E,87
46,woman,28.12,67.21,0,no,inland_south,7302.82,B,94
47,woman,28.63,68.83,0,no,inland_north,5255.7,C,79
44,woman,22.7,63.74,1,yes,inland_south,13990.05,C,96
31,woman,39.22,67.36,2,no,inland_south,16072.69,B,82
45,woman,21.98,67.67,2,no,inland_north,4412.97,D,89
23,man,29.44,60.6,0,no,inland_south,6509.41,B,67
40,man,37.04,67.59,3,yes,inland_south,19074.49,C,74
25,man,30.48,66.43,2,no,coastal_south,4600.07,C,90
21,woman,24.69,67.11,0,no,inland_north,5374.07,D,100
25,woman,22.43,66.75,1,no,inland_north,2159.79,A,96
23,woman,29.26,67.61,2,no,inland_south,8103.25,B,98
40,man,26.04,71.79,0,no,coastal_south,7769.43,B,76
43,man,31.91,62.05,0,yes,inland_south,12452.2,C,79
46,woman,22.11,65.29,1,no,inland_south,6955.94,B,100
38,man,35.62,69.19,0,no,inland_south,6122.24,E,74
26,woman,31.36,68.47,4,no,coastal_south,9090.6,C,95
18,woman,31.82,68.39,0,no,inland_north,12539.37,D,93
51,woman,39.45,77.27,0,no,inland_north,8850.65,C,84
64,woman,27.99,68.99,0,no,inland_south,13314.56,B,84
31,man,26.23,70.99,0,no,inland_south,6019.16,C,79
27,man,27.32,65.42,3,no,inland_north,5521.76,C,100
32,woman,29.49,62.77,2,yes,inland_north,19431.67,C,88
28,man,30.11,65.39,3,no,coastal_north,4534.5,C,90
28,man,25.59,69.37,1,no,inland_south,6598.01,C,85
41,man,18.32,68.18,1,no,coastal_south,5096.46,E,93
54,man,27.24,68.17,0,no,inland_north,4558.67,B,90
51,woman,32.85,65.78,0,no,inland_south,16741.75,C,89
63,man,31.49,65.16,3,no,coastal_south,14762.0,B,93
34,woman,37.98,65.91,1,no,coastal_north,8629.67,C,74
41,man,42.59,69.41,1,yes,coastal_north,69190.72,D,60
35,woman,35.29,69.86,1,yes,inland_south,7721.36,B,79
19,man,39.09,62.72,2,no,coastal_south,10161.61,C,64
36,woman,35.34,69.56,0,no,coastal_north,3987.76,C,80
30,woman,41.09,64.09,2,no,inland_north,8223.44,A,75
40,man,41.95,68.42,2,no,coastal_south,8174.18,E,85
25,man,36.46,65.87,2,yes,inland_south,12704.97,C,98
52,woman,34.97,72.67,0,no,coastal_south,19285.66,D,64
57,man,29.41,64.99,0,yes,coastal_north,70000.0,C,100
63,man,30.41,67.3,1,no,coastal_north,10375.68,E,84
21,woman,28.6,68.96,2,no,coastal_south,7260.68,C,91
23,man,34.45,63.23,4,no,coastal_south,7248.57,C,70
63,woman,26.27,66.33,1,no,inland_north,26205.41,D,98
57,man,29.49,65.58,0,no,coastal_south,3030.72,C,87
45,woman,16.29,64.62,0,no,coastal_south,6593.13,C,93
33,woman,41.17,64.91,1,no,coastal_south,7467.28,E,61
42,man,29.32,70.91,0,yes,coastal_south,5953.43,C,82
43,man,33.44,64.29,1,no,inland_south,6002.55,D,93
57,man,39.55,68.8,2,no,coastal_north,38523.18,D,79
42,man,32.49,67.83,0,no,inland_south,5496.04,D,97
19,man,39.47,61.2,0,no,coastal_south,10536.4,E,92
50,man,23.09,68.62,0,yes,coastal_north,35343.55,C,79
54,man,45.28,61.14,0,no,coastal_south,14694.39,C,94
32,woman,37.29,69.04,2,no,coastal_north,8202.09,A,83
23,woman,31.94,64.65,0,no,inland_south,1857.33,D,86
24,woman,39.35,66.64,0,no,coastal_south,4550.85,D,82
57,man,23.53,61.6,0,no,coastal_south,15446.65,C,91
39,woman,28.9,67.08,0,yes,inland_north,20228.74,B,56
42,woman,39.47,70.2,1,no,inland_north,13042.12,C,79
63,man,19.27,63.49,1,no,inland_south,6830.44,C,79
20,woman,34.08,64.26,1,no,inland_south,17098.63,D,100
27,woman,33.91,68.37,1,no,inland_north,4478.1,B,100
57,man,42.67,68.47,0,yes,inland_south,70000.0,D,83
43,man,21.0,57.19,1,no,inland_south,6309.67,D,89
19,woman,40.48,74.41,0,no,coastal_south,16374.57,E,71
51,woman,27.25,68.66,3,no,inland_north,4349.99,B,81
24,woman,27.93,69.31,0,no,coastal_north,5548.3,E,100
54,man,23.21,66.05,0,yes,inland_south,16431.37,D,78
55,man,24.02,59.43,0,no,inland_south,8971.35,D,66
56,woman,33.12,69.22,2,no,coastal_north,17167.14,A,95
39,man,23.87,64.42,0,no,inland_south,7008.71,C,100
30,woman,35.18,68.72,3,no,inland_south,18131.99,D,100
59,woman,26.62,65.76,0,no,coastal_north,5904.23,C,99
44,man,23.26,67.53,2,no,inland_north,4070.84,C,100
47,woman,27.44,63.61,1,no,inland_south,8334.65,C,88
24,woman,32.71,69.96,0,no,inland_south,4626.45,C,64
47,woman,28.97,62.01,0,no,coastal_north,6370.09,A,87
45,man,30.87,75.3,0,no,coastal_south,4373.3,C,92
31,man,34.91,75.27,2,no,inland_north,11420.05,B,82
54,man,37.26,72.93,3,no,coastal_north,11860.32,E,81
24,woman,28.77,71.55,0,no,coastal_south,10997.39,E,77
51,woman,24.29,66.28,0,no,coastal_north,7245.87,C,79
63,man,31.12,71.12,0,no,coastal_north,16108.45,B,100
44,woman,33.53,66.24,0,no,inland_north,12623.84,B,100
22,man,21.75,60.6,1,no,inland_north,2452.32,C,91
44,man,25.23,72.43,0,no,inland_north,9575.61,E,92
42,woman,26.27,70.98,0,no,inland_south,18853.24,C,79
43,man,29.39,66.49,3,yes,coastal_south,26758.62,A,88
30,woman,26.02,61.87,2,no,coastal_south,7357.96,A,100
47,woman,34.97,64.34,2,no,coastal_north,17401.89,B,68
30,man,20.87,59.56,0,no,coastal_north,4880.01,D,96
44,man,21.02,70.27,3,no,coastal_south,9462.98,D,97
45,man,28.62,60.41,1,no,coastal_north,11476.23,C,92
48,man,29.59,67.72,1,yes,coastal_north,34626.76,C,98
55,man,21.79,63.34,0,no,coastal_north,3831.66,E,100
59,man,26.96,61.09,3,no,inland_north,14066.0,C,86
54,man,28.21,67.53,1,no,inland_north,9505.12,D,94
55,woman,28.26,65.32,2,no,inland_south,7967.64,E,88
58,man,31.59,69.85,1,yes,inland_south,54954.89,C,74
29,man,26.62,61.7,2,no,inland_north,4299.27,E,91
31,woman,39.67,63.68,2,no,coastal_north,3903.27,B,88
43,woman,33.64,57.37,3,no,inland_north,17561.06,D,87
39,woman,25.74,58.16,0,no,coastal_north,2964.81,B,80
50,woman,31.24,73.57,0,no,coastal_south,2598.88,C,81
18,man,31.42,74.67,2,no,coastal_south,8982.58,B,81
24,woman,38.07,66.97,1,no,coastal_south,6749.87,A,74
53,man,27.0,63.42,1,yes,coastal_south,30308.78,A,86
56,man,35.34,65.46,2,no,inland_north,9282.36,C,88
32,man,30.92,69.99,1,no,inland_south,3344.61,C,96
32,woman,39.76,64.62,2,no,inland_south,4854.25,C,72
44,woman,38.53,67.53,0,no,inland_north,7268.1,C,76
40,man,31.86,66.56,2,yes,inland_north,13197.21,E,96
25,man,29.06,64.41,0,no,coastal_north,6524.75,E,85
41,woman,33.75,64.57,1,no,inland_north,5169.44,B,85
56,man,29.56,67.75,3,yes,inland_north,33363.89,C,80
52,woman,40.91,62.83,0,no,coastal_south,15961.39,D,92
56,man,31.14,68.36,0,no,coastal_south,10572.01,D,97
48,woman,28.19,64.78,0,yes,inland_south,27960.98,C,93
59,woman,27.86,67.1,1,no,inland_north,7949.52,D,88
29,man,23.26,71.97,0,no,coastal_south,5326.28,B,81
20,woman,34.06,65.96,0,yes,inland_north,14750.17,C,98
23,woman,25.66,70.17,3,yes,coastal_south,3773.85,D,92
64,woman,37.36,59.67,0,no,coastal_south,16505.42,D,78
48,woman,22.77,64.79,1,no,coastal_south,9287.41,D,100
29,man,31.44,66.72,1,no,coastal_south,7361.87,A,80
58,woman,37.68,74.05,0,yes,inland_north,14504.73,B,91
32,man,17.53,59.02,0,no,coastal_north,3649.25,A,100
46,man,42.97,66.24,4,no,inland_south,6488.99,B,70
29,woman,28.07,72.25,1,no,coastal_south,8463.91,A,93
22,woman,31.52,63.57,0,yes,inland_north,7222.7,C,88
30,man,34.15,65.79,2,yes,inland_north,13788.25,C,100
28,man,35.09,67.89,1,no,inland_north,8080.05,D,76
43,man,32.33,67.32,0,no,inland_north,5057.07,C,99
18,man,36.74,72.67,2,yes,inland_south,9092.89,A,78
29,woman,33.83,68.35,1,yes,coastal_south,42390.2,D,67
44,woman,41.4,71.75,0,no,inland_north,13619.56,A,79
36,man,33.85,65.22,3,no,inland_north,13546.36,E,84
47,woman,42.64,63.74,0,no,coastal_north,16475.61,A,69
48,man,36.16,65.74,0,no,coastal_south,9301.97,C,86
63,man,19.64,62.12,0,no,coastal_south,7854.49,E,100
57,man,46.59,68.48,2,no,coastal_south,10378.87,C,80
28,woman,27.16,65.12,2,no,coastal_south,6670.4,D,83
50,woman,39.78,64.01,3,yes,coastal_south,31419.11,D,74
47,woman,30.82,68.54,0,no,inland_north,6787.18,B,86
45,woman,37.13,62.18,2,no,coastal_north,15336.13,D,85
55,man,26.46,69.59,1,no,inland_south,17702.25,E,99
24,woman,34.48,64.76,0,no,coastal_south,7501.76,E,87
35,woman,29.12,71.1,0,no,inland_north,19385.17,C,73
56,woman,40.29,65.09,2,no,coastal_north,9388.79,C,75
59,woman,33.34,69.06,0,no,coastal_south,4591.34,D,86
19,man,36.37,67.3,1,no,coastal_north,8509.38,C,94
40,woman,17.46,69.49,1,yes,inland_north,8740.79,B,100
30,man,30.14,67.04,0,no,coastal_south,4345.64,B,100
25,woman,33.16,60.17,5,yes,inland_south,6120.67,B,81
20,man,32.02,70.51,2,yes,coastal_south,11498.73,C,88
43,woman,36.52,66.27,1,yes,inland_north,11366.82,B,63
49,woman,28.43,69.67,2,no,coastal_south,6769.26,A,92
42,man,30.96,69.28,1,no,inland_north,4945.46,A,75
35,man,37.87,63.62,2,no,coastal_south,10098.88,E,81
54,man,16.76,63.07,0,no,coastal_south,11332.28,A,100
48,woman,34.26,69.15,1,no,coastal_north,15128.01,A,87
60,woman,28.62,65.44,0,yes,coastal_north,10441.21,C,73
34,man,25.09,70.23,1,no,coastal_north,8570.81,B,93
29,woman,32.71,65.92,1,no,inland_south,7645.88,E,80
39,man,38.15,70.57,0,no,coastal_south,9411.26,E,72
41,man,37.0,68.25,4,no,coastal_north,13177.37,C,100
39,man,29.84,67.72,0,no,inland_south,7086.76,C,97
57,man,36.0,65.16,0,no,coastal_north,8431.2,C,87
20,man,35.96,67.51,0,no,coastal_south,4738.22,A,79
42,woman,30.13,71.23,1,no,inland_north,14590.92,C,83
38,woman,26.43,66.4,0,no,inland_south,4402.88,B,100
27,man,26.79,68.67,1,no,inland_north,2906.28,B,91
48,woman,35.77,66.79,2,no,coastal_south,10756.07,C,52
55,woman,30.4,67.09,0,yes,inland_south,14924.14,B,100
43,woman,24.28,73.28,5,no,coastal_north,3625.44,B,91
21,man,20.38,71.26,0,no,inland_south,3030.04,C,95
21,man,35.73,66.92,1,no,inland_south,7605.25,C,94
37,man,27.32,67.44,0,no,inland_south,5883.37,B,92
49,woman,32.68,63.89,2,no,coastal_south,10691.66,A,92
32,woman,38.22,65.94,2,no,coastal_north,2607.39,B,78
32,man,22.68,67.81,0,yes,inland_north,17679.45,B,73
58,woman,30.38,69.9,0,no,inland_north,10360.42,D,89
18,man,29.62,69.51,0,no,inland_north,3436.7,E,100
21,man,32.98,62.32,0,no,inland_south,5251.94,C,78
25,woman,38.22,70.39,5,no,inland_north,10597.44,C,75
64,woman,22.55,66.27,1,no,coastal_south,5623.28,D,100
41,woman,34.14,62.79,1,no,coastal_south,11991.75,D,80
25,man,36.95,71.78,4,no,coastal_north,15965.15,B,78
32,man,29.52,72.27,2,no,coastal_north,6640.26,B,83
63,woman,29.82,67.63,2,no,coastal_north,7861.02,C,86
50,man,33.21,69.35,0,no,inland_south,7815.64,C,69
28,woman,32.76,69.58,0,no,inland_north,9937.28,B,79
29,woman,34.21,72.01,0,no,inland_north,3205.48,C,86
21,man,34.08,69.43,0,no,coastal_south,9004.68,C,86
54,woman,24.67,61.47,0,no,inland_north,5375.9,B,100
24,woman,36.7,74.39,0,no,inland_south,6206.13,C,100
31,man,37.78,70.73,0,yes,inland_south,19188.66,D,92
34,woman,31.8,64.64,1,no,inland_north,3984.87,C,95
47,man,21.55,62.63,0,no,inland_south,13795.88,B,90
46,woman,29.96,68.56,0,no,coastal_south,3405.64,B,80
55,woman,31.85,65.53,0,yes,coastal_south,46657.88,D,81
31,woman,23.68,67.89,1,no,inland_south,13293.67,C,96
36,woman,28.46,69.49,2,no,coastal_south,9071.87,A,95
36,woman,22.06,64.42,2,no,coastal_south,2758.63,B,97
20,woman,34.36,62.29,0,yes,coastal_south,7529.9,D,78
52,man,31.67,68.1,0,no,inland_north,5860.65,D,93
43,woman,20.62,64.55,0,yes,inland_north,18113.77,E,99
40,woman,32.8,67.18,0,no,inland_north,8140.22,D,94
64,woman,30.32,61.41,0,yes,coastal_south,15767.8,C,81
26,woman,33.81,65.63,4,no,coastal_north,4946.32,C,76
63,woman,28.27,69.38,0,no,inland_south,5071.23,B,79
49,man,25.77,68.95,0,no,coastal_south,5992.7,D,82
28,woman,25.96,63.56,2,no,inland_south,16557.92,C,91
49,man,27.38,62.09,1,no,coastal_north,5054.77,B,93
53,man,30.77,66.67,0,no,inland_north,6050.5,E,72
35,woman,31.56,68.78,0,no,inland_north,3692.73,C,80
34,woman,29.5,68.18,3,no,inland_south,10685.61,A,89
57,woman,28.08,64.63,0,no,coastal_north,9519.88,C,78
25,man,28.52,67.76,1,yes,inland_south,12850.76,E,87
18,woman,45.96,72.42,2,no,inland_north,8350.21,E,75
49,man,25.96,67.4,0,no,inland_north,3748.62,C,81
60,man,27.26,60.29,2,no,coastal_south,10844.53,E,88
41,man,50.75,67.4,0,yes,coastal_north,70000.0,E,74
24,man,33.23,74.52,0,no,coastal_south,8670.0,D,76
43,man,22.24,61.63,0,no,coastal_south,6019.1,D,88
29,woman,35.8,66.73,5,yes,coastal_south,20232.1,C,83
56,woman,25.11,65.73,0,yes,inland_north,10707.86,D,76
46,woman,36.21,66.98,0,no,coastal_south,13447.48,C,66
33,man,29.37,67.36,3,no,coastal_north,10823.49,D,71
47,man,27.98,71.02,0,no,coastal_north,5611.83,B,83
49,man,40.48,66.94,3,no,coastal_north,29123.18,D,67
49,woman,34.12,71.55,1,no,coastal_north,10762.03,E,81
35,man,36.6,66.15,1,no,inland_north,11812.73,C,99
44,man,33.31,65.25,2,no,coastal_north,13410.28,E,71
20,woman,27.95,64.02,2,no,inland_south,4184.88,C,85
36,man,34.39,59.58,0,no,coastal_north,4804.22,B,100
35,woman,38.04,67.68,5,no,coastal_north,8860.83,B,86
43,woman,31.48,74.56,4,yes,inland_south,40877.93,D,77
62,man,41.65,68.38,3,yes,coastal_south,37515.42,C,73
62,woman,35.85,69.27,1,no,coastal_south,17036.97,C,87
40,woman,31.95,65.01,1,no,inland_south,4052.5,D,100
48,woman,32.19,65.66,1,no,inland_south,15339.17,C,80
23,woman,31.5,70.42,0,no,inland_north,7080.64,C,78
40,man,23.03,74.38,1,no,coastal_north,3346.32,E,76
50,man,30.11,72.37,1,yes,inland_north,26774.92,D,82
50,woman,32.01,69.73,1,yes,inland_south,34972.09,D,66
63,woman,28.12,66.75,0,yes,inland_south,14516.01,C,78
39,woman,32.72,67.42,1,yes,coastal_north,13444.07,E,71
60,man,30.79,63.69,1,yes,coastal_south,32631.05,B,92
63,man,35.38,61.01,0,no,coastal_south,34095.73,B,78
44,man,34.7,62.25,4,yes,coastal_north,21612.25,B,83
22,woman,31.68,66.8,2,no,inland_north,6736.37,C,69
35,woman,22.32,65.48,0,no,coastal_south,6257.33,D,92
53,woman,41.58,60.92,0,no,coastal_south,10895.84,D,68
45,man,29.79,66.47,2,no,coastal_north,9605.07,C,82
62,woman,30.17,65.38,0,no,coastal_south,8815.33,A,100
56,man,28.57,62.07,2,no,coastal_north,8379.89,D,96
20,man,27.68,65.18,0,no,coastal_south,2309.88,E,86
58,woman,40.08,65.37,0,no,coastal_north,10103.05,C,100
34,woman,39.11,64.22,0,yes,inland_south,34236.76,B,67
56,woman,33.37,70.2,2,no,coastal_north,11280.87,C,96
41,woman,30.0,59.25,4,no,inland_north,18769.21,C,71
39,woman,34.44,58.92,3,no,coastal_north,13114.06,B,81
21,man,31.11,66.62,1,no,coastal_north,4043.57,C,72
23,woman,29.5,66.98,2,no,coastal_north,3657.55,D,89
45,woman,32.72,68.17,0,yes,coastal_north,16855.3,C,80
44,man,27.97,64.52,1,no,coastal_north,3786.65,C,84
44,man,32.2,63.06,3,no,coastal_south,8570.55,A,96
25,woman,31.91,66.58,0,no,inland_north,6251.17,E,80
41,man,34.34,64.9,4,no,coastal_north,25604.86,C,87
20,man,26.88,72.61,0,yes,coastal_south,18143.94,C,91
24,man,34.99,65.36,0,no,inland_north,3002.64,B,69
41,man,25.13,66.4,1,yes,coastal_north,9746.56,D,77
46,woman,27.17,76.19,3,no,coastal_south,9457.97,E,88
48,man,27.43,65.86,0,yes,coastal_north,30232.11,A,89
64,woman,24.12,68.76,2,no,coastal_north,8697.31,B,100
58,man,36.86,69.11,0,yes,coastal_south,44737.41,B,75
35,man,24.75,69.44,2,yes,inland_south,17343.93,D,81
54,woman,26.4,67.73,1,no,inland_south,11698.87,E,80
22,woman,38.32,67.36,0,yes,inland_south,7317.67,C,80
58,man,27.18,67.0,2,no,coastal_south,27299.18,C,85
36,man,29.51,64.38,2,no,coastal_north,4423.08,D,84
53,woman,24.49,67.87,1,yes,coastal_south,41068.55,D,83
63,man,35.74,74.46,0,no,coastal_north,9741.0,B,89
51,man,35.83,71.3,0,no,coastal_north,9947.57,B,78
61,man,35.17,67.79,4,no,coastal_north,12790.43,C,76
18,woman,33.94,69.92,1,no,coastal_south,5767.84,D,89
26,woman,31.11,63.25,2,yes,coastal_south,27801.65,D,50
47,man,27.46,65.6,2,no,coastal_north,13459.15,D,82
43,woman,25.69,70.28,2,no,inland_north,16901.8,D,77
23,man,38.53,72.37,0,no,coastal_south,7217.25,B,94
51,woman,35.33,63.63,1,no,inland_south,24486.53,C,79
20,man,26.43,64.74,1,yes,coastal_north,12504.39,A,78
64,woman,30.9,75.05,0,yes,inland_north,54658.95,E,80
25,woman,28.83,66.98,0,no,coastal_north,6808.99,C,81
38,man,23.78,73.67,1,no,coastal_south,4679.62,C,86
56,man,31.74,67.41,3,no,coastal_north,10952.32,A,86
42,man,28.13,67.56,1,no,coastal_north,11860.76,D,83
52,man,24.85,65.43,0,no,inland_north,7461.5,D,85
51,man,21.64,70.26,4,no,coastal_south,12090.68,D,81
62,man,21.12,71.86,0,no,coastal_north,13318.07,B,80
39,woman,28.39,62.6,0,no,inland_south,8015.9,E,88
64,man,30.14,65.25,4,no,coastal_north,2901.6,D,89
